Strategy,VAR_FCD,GBC
daniela,0.02240273350268224,0.1818386926407462
