Strategy,VAR_FCD,GBC
daniela,0.02882234200478588,0.16196553883962841
