Strategy,VAR_FCD,GBC
aCompCor,0.020920023394221082,0.47973164939363105
aCompCor50,0.024166578771015326,0.008034338666085623
